{
    "r2_score0": 0.825275599437552,
    "r2_score1": 0.825271110562225,
    "r2_score2": 0.9102440061615573,
    "r2_score3": 0.430616911723962
}